id;title;price;available_quantity;sold_quantity;buying_mode;listing_type_id;condition;accepts_mercadopago;original_price;category_id;seller_level_id;seller_powerseller;positive_rating;negative_rating;neutral_rating;free_shipping;store_pickup;number_of_tags;is_official_store;month_update;year_update;year_created;month_created;total_questions;category_name
MCO548989931;Espejo Retrovisor Punto Ciego 360 Grados  - 2 Unidades;11000;100;500;buy_it_now;gold_special;new;True;;MCO174843;5_green;platinum;0.99;0.0;0.01;False;False;6;False;12;2019;2020;01;195;Accesorios para Vehículos
MCO508601525;Forro Sillas Funda Protector Mascota Cobertor Carro Perro;39900;100;500;buy_it_now;gold_special;new;True;;MCO178000;5_green;platinum;0.98;0.01;0.01;True;False;6;False;07;2020;2019;12;181;Accesorios para Vehículos
MCO509093160;Radio Carro Bluetooth + Camara Usb Sd Pantalla 7 Hd Mod 2020;230900;1;500;buy_it_now;gold_special;new;True;349900.0;MCO429530;5_green;platinum;1.0;0.0;0.0;True;False;7;False;11;2020;2019;05;8212;Accesorios para Vehículos
MCO580695899;Casco Moto Integral Pro Tork New Liberty Four R8 Certificado;84900;250;500;buy_it_now;gold_special;new;True;129900.0;MCO21947;5_green;platinum;0.96;0.02;0.02;True;False;6;True;09;2020;2020;10;403;Accesorios para Vehículos
MCO547297635;Espejo Retrovisor Punto Ciego 360  Convexo - 2 Unidades;18000;100;250;buy_it_now;gold_special;new;True;;MCO174843;5_green;platinum;0.99;0.0;0.01;False;False;6;False;12;2019;2020;01;95;Accesorios para Vehículos
MCO464124554;Combo 2 Forros Protector Sillas Carro Auto Mascota Perro;49900;100;500;buy_it_now;gold_special;new;True;;MCO178000;5_green;platinum;0.98;0.01;0.01;False;False;7;False;08;2020;2018;02;229;Accesorios para Vehículos
MCO531060824;Radio Para Carro Bluetooth Usb Micro Sd Auxiliar 3.5mm 50x4;68900;1;500;buy_it_now;gold_special;new;True;;MCO429530;5_green;platinum;0.94;0.03;0.03;False;False;6;False;06;2019;2017;11;710;Accesorios para Vehículos
MCO567848869;Maleta Rígida Tegde Porta Casco Para Moto Muscle;179900;50;5;buy_it_now;gold_special;new;True;239900.0;MCO437375;5_green;platinum;0.96;0.02;0.02;True;False;6;True;12;2020;2020;11;14;Accesorios para Vehículos
MCO580696454;Casco Moto Pro Tork New Liberty 4 Certificado;59900;500;250;buy_it_now;gold_special;new;True;79900.0;MCO21947;5_green;platinum;0.96;0.02;0.02;True;False;6;True;09;2020;2020;10;129;Accesorios para Vehículos
MCO552296221;Pera O Pomo Chevrolet Sonic/ Cobalt/ Ónix;29900;1;200;buy_it_now;gold_special;new;True;;MCO430088;5_green;platinum;0.97;0.01;0.02;False;False;6;False;08;2020;2020;04;97;Accesorios para Vehículos
MCO513393961;Pijama Para Carro En Algodón Impermeable Talla L;150000;1;500;buy_it_now;gold_pro;new;True;;MCO173788;5_green;platinum;0.92;0.04;0.04;True;False;5;False;05;2019;2019;07;1106;Accesorios para Vehículos
MCO560749645;Radio Carro Bluetooth + Camara Usb Sd Pantalla 7 Hd Mod 2020;239900;1;500;buy_it_now;gold_special;new;True;;MCO3387;5_green;platinum;0.96;0.01;0.03;True;False;6;False;06;2019;2020;04;1131;Accesorios para Vehículos
MCO567849935;Maleta Morral Semi Rígida Tedge Porta Casco ;169900;50;4;buy_it_now;gold_special;new;True;229900.0;MCO437375;5_green;platinum;0.96;0.02;0.02;True;False;5;True;12;2020;2020;11;5;Accesorios para Vehículos
MCO583236160;2x Bombillo Led H4 Para Carro O Moto De 16000 Lm Altas/bajas;54990;1;250;buy_it_now;gold_special;new;True;;MCO87926;5_green;gold;0.9;0.08;0.02;False;False;6;False;04;2020;2020;09;336;Accesorios para Vehículos
MCO551840617;2 Exploradoras 6 Led 12000lm 72w Fija Estrober Switch Gratis;50900;50;500;buy_it_now;gold_special;new;True;;MCO90578;5_green;platinum;0.94;0.03;0.03;False;False;6;False;11;2020;2020;02;450;Accesorios para Vehículos
MCO452618913;Camara De Reversa 8  Leds Infrarojos Resistente Al Agua;28900;150;500;buy_it_now;gold_special;new;True;69900.0;MCO173820;5_green;platinum;1.0;0.0;0.0;False;False;7;False;07;2019;2017;06;231;Accesorios para Vehículos
MCO567850625;Alforjas Tedge Para Moto Detalles Reflectivos;159900;50;5;buy_it_now;gold_special;new;True;239900.0;MCO434708;5_green;platinum;0.96;0.02;0.02;True;False;6;True;12;2020;2020;11;21;Accesorios para Vehículos
MCO532469848;Radio Para Carro Con Usb Fm Bluetooth Sd Aux  Potencia 60wx4;67900;1;500;buy_it_now;gold_special;new;True;;MCO429530;5_green;platinum;1.0;0.0;0.0;True;False;6;False;08;2019;2019;09;358;Accesorios para Vehículos
MCO565095458;Pomo Pera Palanca De Cambios Renault Logan Sandero  Duster;28700;1;150;buy_it_now;gold_pro;new;True;;MCO376787;5_green;gold;0.97;0.02;0.01;False;False;5;False;06;2020;2020;07;76;Accesorios para Vehículos
MCO513392876;Pijama Para Carro En Algodón Impermeable Talla M;145000;1;500;buy_it_now;gold_pro;new;True;;MCO173788;5_green;platinum;0.92;0.04;0.04;True;False;4;False;07;2019;2019;09;976;Accesorios para Vehículos
MCO593483757;Casco Moto Abatible Ich 3110 Certificado;97900;250;100;buy_it_now;gold_special;new;True;110000.0;MCO21947;5_green;platinum;0.96;0.02;0.02;True;False;6;True;11;2020;2020;11;39;Accesorios para Vehículos
MCO551696486;Pelicula Antiempañante;9500;100;250;buy_it_now;gold_special;new;True;;MCO180778;5_green;platinum;0.99;0.0;0.01;False;False;6;False;02;2020;2020;02;87;Accesorios para Vehículos
MCO446772225;Tapetes Para Auto Material Caucho 3 Piezas Universales;49999;1;500;buy_it_now;gold_pro;new;True;;MCO87916;5_green;gold;0.98;0.01;0.01;False;False;6;False;06;2019;2017;05;730;Accesorios para Vehículos
MCO506453869;Radio Android 8.1 Pantalla 2 Din Wifi Gps Waze 2 Din Cámara;364900;1;250;buy_it_now;gold_special;new;True;499900.0;MCO3387;5_green;platinum;1.0;0.0;0.0;True;False;6;False;04;2020;2019;03;2039;Accesorios para Vehículos
MCO530989290;Protector Puerta Carro Magnetico Anti Portazo Rayon Golpe X4;104900;500;250;buy_it_now;gold_pro;new;True;;MCO87923;5_green;platinum;0.98;0.01;0.01;True;False;5;False;06;2020;2019;09;98;Accesorios para Vehículos
MCO573899705;Casco Ich 3120_dv Abatible Plano Certificado;140000;50;25;buy_it_now;gold_pro;new;True;;MCO21947;5_green;platinum;0.95;0.03;0.02;True;False;4;True;07;2020;2020;08;21;Accesorios para Vehículos
MCO595848559;Maleta Morral Tedge Para Motos Lightweight;119900;100;5;buy_it_now;gold_special;new;True;169900.0;MCO437375;5_green;platinum;0.96;0.02;0.02;True;False;6;True;12;2020;2020;11;14;Accesorios para Vehículos
MCO558498519;Palanca Silla Renault Twingo Clio Megane   X 2 Color Gris;14000;1;100;buy_it_now;gold_pro;new;True;;MCO433584;5_green;gold;0.97;0.02;0.01;False;False;6;False;04;2020;2020;04;62;Accesorios para Vehículos
MCO535108004;Radio Para Carro Con Usb Fm Bluetooth Sd Aux Potencia 60wx4;69900;1;250;buy_it_now;gold_special;new;True;129900.0;MCO429530;5_green;platinum;0.99;0.0;0.01;False;False;6;False;09;2019;2020;01;297;Accesorios para Vehículos
MCO520233066;Par Bombillos Led Moto O Carro 16000 Lm H4 Altas/bajas;74990;1;500;buy_it_now;gold_special;new;True;;MCO90578;5_green;platinum;0.95;0.02;0.03;True;False;5;False;07;2019;2019;06;649;Accesorios para Vehículos
MCO517113329;Kit Panel Solar + 4 Bombillos + Luz + Power Bank Radio Autos;102900;1;500;buy_it_now;gold_special;new;True;119900.0;MCO87923;5_green;platinum;0.94;0.03;0.03;True;False;5;False;07;2019;2018;12;330;Accesorios para Vehículos
MCO563208629;Juego Cornetas  Caracol Pitos Bocinas 115db Accesorios Carro;28000;1;50;buy_it_now;gold_pro;new;True;;MCO442190;5_green;platinum;0.98;0.01;0.01;False;False;6;False;10;2017;2020;05;69;Accesorios para Vehículos
MCO580696453;Casco Moto Abierto Pro Tork New Liberty 3 Certificado;70000;1;150;buy_it_now;gold_special;new;True;99900.0;MCO21947;5_green;platinum;0.96;0.02;0.02;True;False;6;True;09;2020;2020;10;83;Accesorios para Vehículos
MCO586837055;Impermeable Moto Bicicleta Tela Con Reflectivo (con Botas);74900;1;50;buy_it_now;gold_special;new;True;84900.0;MCO90075;5_green;platinum;0.96;0.02;0.02;True;False;6;True;10;2020;2020;11;30;Accesorios para Vehículos
MCO513398662;Pijama Para Camioneta En Algodón Impermeable Talla Xxl;172000;1;250;buy_it_now;gold_pro;new;True;;MCO173788;5_green;platinum;0.92;0.04;0.04;True;False;5;False;05;2019;2019;06;425;Accesorios para Vehículos
MCO561861823;Radio Carro Pantalla Tactil 7' Mirrorlink Bluetooth Usb Aiwa;324900;1;250;buy_it_now;gold_pro;new;True;399000.0;MCO429530;5_green;platinum;0.95;0.03;0.02;True;False;4;False;08;2020;2020;05;704;Accesorios para Vehículos
MCO545440949;Pera / Pomo Spark Gt Importada Plata;39900;1;50;buy_it_now;gold_special;new;True;;MCO376787;5_green;platinum;0.97;0.01;0.02;False;False;6;False;08;2020;2019;12;49;Accesorios para Vehículos
MCO552992867;Luz Led H4 8.000 Lúmenes Reales Moto- Carro;24999;100;200;buy_it_now;gold_pro;new;True;;MCO90578;5_green;platinum;0.94;0.03;0.03;False;False;4;False;02;2020;2020;02;219;Accesorios para Vehículos
MCO593625963;Chaqueta Cortavientos Pigmalion Para Moto O Bicicleta Negra;49900;250;100;buy_it_now;gold_special;new;True;70000.0;MCO74850;5_green;platinum;0.96;0.02;0.02;False;False;6;True;11;2020;2020;11;51;Accesorios para Vehículos
MCO529937827;Espejo Retrovisor Con Dvr Y Cámara De Reversa Pantalla 4.3;72500;1;200;buy_it_now;gold_special;new;True;78500.0;MCO177991;5_green;platinum;0.94;0.03;0.03;True;False;4;False;08;2019;2019;08;215;Accesorios para Vehículos
MCO460468229;Tapa Fugas De Aceite  Aditivo De Motor Liqui Moly 300ml;31000;100;500;buy_it_now;gold_special;new;True;;MCO373291;5_green;platinum;0.95;0.02;0.03;False;False;5;False;06;2019;2017;12;269;Accesorios para Vehículos
MCO573908315;Combo Aiwa Radio Carro Usb Bluetooth + Parlantes 6' Caw-8016;214900;1;100;buy_it_now;gold_pro;new;True;269000.0;MCO429530;5_green;platinum;0.95;0.03;0.02;True;False;5;False;07;2020;2020;08;194;Accesorios para Vehículos
MCO577236596;Maletero Bolso Impermeable Tomcat Tactical ;120000;1;4;buy_it_now;gold_pro;new;True;;MCO437375;5_green;platinum;0.95;0.03;0.02;True;False;4;True;08;2020;2020;08;6;Accesorios para Vehículos
MCO465674109;Luz Led Ojo De Águila Niebla Luz Día 3.200 Lumens;5990;250;500;buy_it_now;gold_pro;new;True;;MCO90578;5_green;platinum;0.99;0.01;0.0;False;False;4;False;10;2019;2018;06;711;Accesorios para Vehículos
MCO513420104;Pijama Para Carro Cobertor De Polvo ;74000;1;500;buy_it_now;gold_pro;new;True;;MCO173788;5_green;platinum;0.92;0.04;0.04;True;False;4;False;06;2019;2019;05;1084;Accesorios para Vehículos
MCO553602744;Par Farolas Chevrolet Aveo Sedan 2006 A 2016;213000;50;100;buy_it_now;gold_special;new;True;;MCO165930;5_green;platinum;0.97;0.01;0.02;True;False;6;False;02;2020;2020;03;259;Accesorios para Vehículos
MCO565434066;Casco Ich 503 Plano Certificado;110000;1;25;buy_it_now;gold_pro;new;True;;MCO21947;5_green;platinum;0.95;0.03;0.02;True;False;4;True;06;2020;2020;07;29;Accesorios para Vehículos
MCO509528770;Radio Para Carro Bluetooth Usb Micro Sd Auxiliar 3.5mm 50x4;76900;1;150;buy_it_now;gold_special;new;True;82900.0;MCO429530;5_green;platinum;0.94;0.03;0.03;True;False;5;False;04;2019;2019;11;148;Accesorios para Vehículos
MCO593482492;Baúl Maletero Para Moto Tomcat 30 Litros;75000;1;25;buy_it_now;gold_special;new;True;80000.0;MCO442045;5_green;platinum;0.96;0.02;0.02;True;False;6;True;11;2020;2020;11;31;Accesorios para Vehículos
MCO505293705;Pijama Para Camioneta Grande Accesorios Forro Interno ;263106;1;250;buy_it_now;gold_pro;new;True;279900.0;MCO173788;5_green;platinum;0.92;0.04;0.04;True;False;6;False;03;2019;2019;03;489;Accesorios para Vehículos
MCO560508668;Pomo Pera Perilla Palanca Cambios Twingo;19900;1;100;buy_it_now;gold_pro;new;True;;MCO376787;5_green;gold;0.97;0.02;0.01;False;False;5;False;04;2020;2020;05;66;Accesorios para Vehículos
MCO490208123;Par De Bombillos Led C6 16000 Lumens Carro O Moto H4;70000;150;250;buy_it_now;gold_pro;new;True;;MCO90578;5_green;platinum;0.92;0.03;0.05;True;False;6;False;12;2020;2018;11;1085;Accesorios para Vehículos
MCO565100703;Casco Ich 101 Abierto Plano Certificado;100000;1;5;buy_it_now;gold_pro;new;True;;MCO21947;5_green;platinum;0.95;0.03;0.02;True;False;4;True;07;2020;2020;06;21;Accesorios para Vehículos
MCO577242265;Espejo Retrovisor Doble Camara Full Hd Carro 4.3''+ Obsq+env;73900;1;100;buy_it_now;gold_special;new;True;;MCO177991;5_green;platinum;0.94;0.04;0.02;True;False;5;False;08;2020;2020;09;54;Accesorios para Vehículos
MCO478402539;Adaptador Receptor Bluetooth Carro Recargable Aux Equipo;10900;1;250;buy_it_now;gold_special;new;True;;MCO3387;5_green;platinum;0.93;0.03;0.04;False;False;4;False;06;2019;2019;04;149;Accesorios para Vehículos
MCO460228115;Pera De Cambios Para Renault Logan / Sandero;28500;1;200;buy_it_now;gold_special;new;True;;MCO376787;5_green;platinum;0.97;0.01;0.02;False;False;6;False;11;2020;2017;12;209;Accesorios para Vehículos
MCO492002540;Luz Led Diurna Barra Impermeable  Para Autos   ;6990;150;500;buy_it_now;gold_pro;new;True;;MCO182686;5_green;platinum;0.99;0.01;0.0;False;False;5;False;09;2020;2018;11;633;Accesorios para Vehículos
MCO512988648;Barras De Techo Portaequipaje Con Llave Univarsal;155000;1;200;buy_it_now;gold_special;new;True;;MCO173779;5_green;platinum;0.92;0.04;0.04;True;False;4;False;12;2019;2019;05;838;Accesorios para Vehículos
MCO492672180;Tapa Rin Chevrolet Optra-aveo Original.;10000;1;150;buy_it_now;gold_special;new;True;;MCO116350;5_green;silver;0.93;0.04;0.03;False;False;5;False;08;2019;2018;11;161;Accesorios para Vehículos
MCO546134649;Radio Android 9 Pantalla 10 Pulgadas Wifi Gps 1 Din + Cámara;489900;1;50;buy_it_now;gold_special;new;True;699900.0;MCO3387;5_green;platinum;1.0;0.0;0.0;True;False;7;False;11;2019;2019;12;643;Accesorios para Vehículos
MCO586837050;Impermeable Moto Bicicleta Con Reflectivo (incluye Botas) ;43900;200;50;buy_it_now;gold_special;new;True;55000.0;MCO90075;5_green;platinum;0.96;0.02;0.02;True;False;6;True;10;2020;2020;11;26;Accesorios para Vehículos
MCO567850906;Maleta Morral Expansible Tank Bag Tedge Tela Impermeable;59900;50;25;buy_it_now;gold_special;new;True;89900.0;MCO437375;5_green;platinum;0.96;0.02;0.02;True;False;6;True;12;2020;2020;12;22;Accesorios para Vehículos
MCO586839952;Zapatones Botas Impermeables En Latex Moto O Bicicleta ;13900;100;100;buy_it_now;gold_special;new;True;19900.0;MCO90075;5_green;platinum;0.96;0.02;0.02;False;False;6;True;11;2020;2020;11;22;Accesorios para Vehículos
MCO468073609;Limpiador De Inyectores De Motor A Gasolina Liqui Moly 300ml;32000;100;250;buy_it_now;gold_special;new;True;;MCO166028;5_green;platinum;0.95;0.02;0.03;False;False;5;False;06;2019;2018;06;184;Accesorios para Vehículos
MCO544002400;Parrilla Portaequipaje Y Maleta Portaequipaje Impermeable ;365900;1;50;buy_it_now;gold_special;new;True;;MCO173780;5_green;platinum;0.92;0.04;0.04;True;False;4;False;11;2019;2019;11;768;Accesorios para Vehículos
MCO471071116;Radio Para Carro Puerto Usb Sd Aux Fm Potencia 50w X 4;61900;1;500;buy_it_now;gold_special;new;True;66900.0;MCO429530;5_green;platinum;0.94;0.03;0.03;False;False;5;False;06;2019;2017;09;931;Accesorios para Vehículos
MCO523814859;Bombillo Led Moto O Carro 8000lm H4 Hi/low ;38490;1;500;buy_it_now;gold_special;new;True;;MCO90578;5_green;platinum;0.95;0.02;0.03;False;False;5;False;07;2019;2019;07;632;Accesorios para Vehículos
MCO586839679;Pijama Carpa Moto Con Argollas Anti-robo Impermeable Pvc;39900;200;5;buy_it_now;gold_special;new;True;49900.0;MCO432971;5_green;platinum;0.96;0.02;0.02;False;False;6;True;10;2020;2020;12;2;Accesorios para Vehículos
MCO579700403;Pomo O Pera Ford Fiesta 2011 En Adelante ;56900;1;50;buy_it_now;gold_special;new;True;;MCO373147;5_green;platinum;0.97;0.01;0.02;False;False;6;False;08;2020;2020;08;52;Accesorios para Vehículos
MCO519316728;Maleta Portaequipaje Impermeable Para Carro;135000;1;250;buy_it_now;gold_pro;new;True;;MCO173781;5_green;platinum;0.92;0.04;0.04;False;False;3;False;07;2019;2019;06;329;Accesorios para Vehículos
MCO563315384;Aspiradora Para Carros Inálambrica Recargable 7.4v Tedge ;89900;50;500;buy_it_now;gold_special;new;True;109900.0;MCO424979;5_green;platinum;0.96;0.02;0.02;True;False;6;True;11;2020;2020;09;120;Accesorios para Vehículos
MCO514136713;Parlantes Carro Jvc 620 300w 16 Cm 6.2 Pulgadas 2 Vias Medio;89999;50;200;buy_it_now;gold_special;new;True;;MCO3384;5_green;platinum;0.93;0.03;0.04;True;False;5;False;07;2019;2019;09;343;Accesorios para Vehículos
MCO497089645;Par Exploradoras 72w Rompe Niebla 10000lm 24 Led;59900;1;250;buy_it_now;gold_special;new;True;;MCO90578;5_green;platinum;0.94;0.03;0.03;False;False;5;False;06;2019;2019;01;686;Accesorios para Vehículos
MCO593461823;Cinta Burlete Puerta Ventana Adhesivo Protector Adhesivo 6mt;15900;1;50;buy_it_now;gold_pro;new;True;;MCO442191;5_green;gold;0.95;0.02;0.03;False;False;6;False;11;2020;2020;11;9;Accesorios para Vehículos
MCO513397113;Pijama Para Camioneta O Carro En Algodón Impermeable Tallaxl;168000;1;250;buy_it_now;gold_pro;new;True;;MCO173788;5_green;platinum;0.92;0.04;0.04;True;False;4;False;07;2019;2019;05;514;Accesorios para Vehículos
MCO487719207;Radio Carro Camara Gratis Tactil 7'' Mirror Link Modelo 2020;239900;1;500;buy_it_now;gold_special;new;True;;MCO429530;5_green;platinum;1.0;0.0;0.0;True;False;6;False;09;2020;2018;10;5450;Accesorios para Vehículos
MCO581495048;Chaqueta Scoyco Jk36;157960;1;25;buy_it_now;gold_special;new;True;394900.0;MCO74850;5_green;platinum;0.95;0.04;0.01;True;False;4;True;09;2020;2020;09;51;Accesorios para Vehículos
MCO457538731;Limpiador Lavado Interno De Motor Liqui Moly 300cc;28050;1;250;buy_it_now;gold_special;new;True;;MCO87917;5_green;platinum;0.95;0.02;0.03;False;False;4;False;03;2020;2017;11;274;Accesorios para Vehículos
MCO493194080;Set Fundas Asiento Forro Protector Silla 11 Piezas Sparco ;129900;1;250;buy_it_now;gold_pro;new;True;159900.0;MCO178000;5_green;platinum;0.97;0.01;0.02;True;False;6;True;06;2019;2018;12;1486;Accesorios para Vehículos
MCO573022126;Intercomunicador Scala Rider Freecom 4 Duo ;1750000;1;4;buy_it_now;gold_pro;new;True;;MCO90069;5_green;platinum;0.95;0.03;0.02;True;False;4;True;07;2020;2020;07;19;Accesorios para Vehículos
MCO511279407;Chaqueta De Proteccion Antifriccion Para Motociclistas;135000;50;500;buy_it_now;gold_special;new;True;;MCO74850;5_green;platinum;0.99;0.01;0.0;True;False;6;False;06;2020;2019;05;2160;Accesorios para Vehículos
MCO532436645;Antena Urban Negra + Tapas Valvula Sparco Spc1417;39000;1;100;buy_it_now;gold_pro;new;True;;MCO116348;5_green;platinum;0.97;0.01;0.02;True;False;5;True;08;2019;2019;09;117;Accesorios para Vehículos
MCO535052875;Radio Pantalla 7tactil Bluetooth 2020+camara Mirrorlink Hd;219900;1;150;buy_it_now;gold_special;new;True;;MCO429530;5_green;platinum;0.99;0.0;0.01;True;False;6;False;07;2020;2019;10;336;Accesorios para Vehículos
MCO576558130;Combo Cámara De Reversa + Sensores + Espejo Pantalla 4.3 Pul;129900;1;250;buy_it_now;gold_special;new;True;152900.0;MCO173820;5_green;platinum;0.94;0.03;0.03;True;False;7;False;04;2020;2018;02;228;Accesorios para Vehículos
MCO577197432;Casco Hro 516 Integral Battle Certificado;150000;1;5;buy_it_now;gold_pro;new;True;;MCO21947;5_green;platinum;0.95;0.03;0.02;True;False;4;True;08;2020;2020;09;7;Accesorios para Vehículos
MCO452039633;Impermeable Moto 4 Piezas Cal18 Original Sdc 2 Obsequios.;53900;500;500;buy_it_now;gold_pro;new;True;;MCO90075;5_green;platinum;0.99;0.0;0.01;False;False;6;False;06;2019;2017;07;1983;Accesorios para Vehículos
MCO453557406;Pera Pomo Perilla Palanca Cambios Logan Sandero Duster;35000;50;250;buy_it_now;gold_special;new;True;;MCO376787;5_green;gold;0.98;0.01;0.01;True;False;6;False;06;2019;2017;08;281;Accesorios para Vehículos
MCO452113631;Porta Placa Lujo Carro Portaplaca Carro Tuning  Momo Negro;24000;1;250;buy_it_now;gold_special;new;True;;MCO116354;5_green;platinum;0.98;0.01;0.01;False;False;7;False;04;2020;2017;07;390;Accesorios para Vehículos
MCO505293725;Pijama Para Camioneta Mediana Forro Accesorios Forro Interno;263106;1;500;buy_it_now;gold_pro;new;True;279900.0;MCO173788;5_green;platinum;0.92;0.04;0.04;True;False;6;False;03;2019;2019;03;1041;Accesorios para Vehículos
MCO568190241;Funda Silicona 100% Impermeable Zapatos Lluvia;7900;200;500;buy_it_now;gold_pro;new;True;;MCO90075;5_green;platinum;0.93;0.04;0.03;False;False;4;False;06;2020;2020;06;340;Accesorios para Vehículos
MCO485257259;Manija Interior Logan Sandero Duster Cromada;21900;1;200;buy_it_now;gold_special;new;True;;MCO375040;5_green;platinum;0.97;0.01;0.02;False;False;4;False;11;2020;2018;09;254;Accesorios para Vehículos
MCO509649428;Combo Radio Para Carro Usb Bluetooth + Parlantes Kl Audio 6;139900;1;100;buy_it_now;gold_special;new;True;152900.0;MCO429530;5_green;platinum;0.94;0.03;0.03;True;False;4;False;06;2020;2019;08;151;Accesorios para Vehículos
MCO453514942;Pijama Carpa Moto Con Argollas Anti-robo Impermeable Sdc C18;59900;50;500;buy_it_now;gold_pro;new;True;;MCO74852;5_green;platinum;0.99;0.0;0.01;True;False;6;False;08;2017;2017;08;2274;Accesorios para Vehículos
MCO566636005;Organizador De Asiento Con Nevera Térmica, Multibolsillos ;39900;1;200;buy_it_now;gold_pro;new;True;;MCO429491;5_green;platinum;0.89;0.06;0.05;False;False;5;False;06;2020;2020;06;33;Accesorios para Vehículos
MCO470748219;2 Exploradoras Led Ojo De Angel U7 Grande 9000lm Moto/carro;77080;1;250;buy_it_now;gold_pro;new;True;82000.0;MCO90578;5_green;platinum;0.95;0.02;0.03;True;False;6;False;08;2019;2018;08;665;Accesorios para Vehículos
MCO510276345;170 Gemas Para Brawl Stars Android Ios Recarga Directa;41000;1;50;buy_it_now;gold_special;new;True;;MCO87917;5_green;platinum;0.98;0.01;0.01;False;False;5;False;04;2019;2019;05;125;Accesorios para Vehículos
MCO575840605;Mascara Antipolucion Tapaboca Moto Balaclava Contaminacion;3900;50;5000;buy_it_now;gold_special;new;True;4900.0;MCO180743;5_green;platinum;0.94;0.03;0.03;False;False;7;False;09;2020;2020;03;405;Accesorios para Vehículos
MCO481483165;Escaner Elm327 Automotriz Vehicular Bluetooth Obd2 Carro;22000;1;500;buy_it_now;gold_special;new;True;;MCO74828;5_green;platinum;0.96;0.02;0.02;False;False;6;False;06;2019;2018;08;1805;Accesorios para Vehículos
MCO532313911;Protector Puerta Carro Magnetico Anti Portazo Rayon Golpe X2;54900;500;100;buy_it_now;gold_pro;new;True;;MCO87923;5_green;platinum;0.98;0.01;0.01;False;False;4;False;09;2019;2019;09;55;Accesorios para Vehículos
MCO573777851;Funda Silicona Impermeable Protector Zapato Lluvia Antidesli;9500;100;500;buy_it_now;gold_pro;new;True;;MCO90075;5_green;platinum;0.92;0.05;0.03;False;False;5;False;07;2020;2020;08;225;Accesorios para Vehículos
MCO537682777;Emblemas Copas Tapas Copa Centro Rin Vw Jetta Golf Juegox4;42000;1;50;buy_it_now;gold_special;new;True;;MCO116350;5_green;platinum;0.98;0.01;0.01;False;False;6;False;10;2019;2019;10;90;Accesorios para Vehículos
MCO501668687;Radio Carro Mp5 Pantalla Tactil Bluetooth 7 Gratis Marco;199900;1;500;buy_it_now;gold_special;new;True;;MCO429530;5_green;platinum;1.0;0.0;0.0;True;False;6;False;07;2020;2019;02;1799;Accesorios para Vehículos
MCO579960362;Luz Led H4 8.000 Lúmenes Reales Moto- Carro;24999;100;100;buy_it_now;gold_pro;new;True;;MCO182686;5_green;gold;0.9;0.06;0.04;False;False;4;False;08;2020;2020;09;131;Accesorios para Vehículos
MCO513391810;Pijama Para Carro En Algodón Impermeable Talla S ;139900;1;200;buy_it_now;gold_pro;new;True;;MCO173788;5_green;platinum;0.92;0.04;0.04;True;False;5;False;06;2019;2019;06;546;Accesorios para Vehículos
MCO540442146;Bujia Bosch Fusion Platino-iridium 4 Electrodos Fgr8dqi 4512;35000;1;100;buy_it_now;gold_pro;new;True;;MCO373069;5_green;silver;0.99;0.01;0.0;False;False;4;False;11;2019;2019;11;204;Accesorios para Vehículos
MCO551124611;Intercomunicador T-com 100 Metros Con Todos Los Accesorios;155000;1;250;buy_it_now;gold_special;new;True;;MCO90069;5_green;platinum;0.93;0.04;0.03;True;False;5;False;02;2020;2020;02;381;Accesorios para Vehículos
MCO569650620;Casco Kontrol 999 Trapez;140165;500;5;buy_it_now;gold_special;new;True;164900.0;MCO21947;5_green;platinum;0.95;0.04;0.01;True;False;4;True;07;2020;2020;11;6;Accesorios para Vehículos
MCO556567710;Camara Reversa Hd Para Carro Clara Vision Nocturna;25900;50;250;buy_it_now;gold_pro;new;True;;MCO173820;5_green;platinum;0.93;0.03;0.04;False;False;6;False;12;2020;2020;03;276;Accesorios para Vehículos
MCO480199346;Par Parlantes Para Carro Kl Ts-a1686s 350w 6 Pulgadas 16 Cm;69900;1;250;buy_it_now;gold_special;new;True;;MCO3384;5_green;platinum;0.94;0.03;0.03;False;False;5;False;06;2019;2018;08;548;Accesorios para Vehículos
MCO532293994;Bombillos Osram H4 Night Breaker Laser 12v 60/55w (150%+luz);97000;1;150;buy_it_now;gold_special;new;True;;MCO87926;5_green;gold;0.98;0.01;0.01;True;False;4;False;08;2019;2019;09;392;Accesorios para Vehículos
MCO551656319;Par De Cocuyos Led T10 Rgb Multicolor Con Control;11500;500;150;buy_it_now;gold_pro;new;True;;MCO90578;5_green;platinum;0.92;0.03;0.05;False;False;6;False;09;2019;2020;02;149;Accesorios para Vehículos
MCO513743254;Radio Para Carro  Usb Sd Aux Fm Potencia 60w X 4 Ref1210;70000;1;200;buy_it_now;gold_pro;new;True;;MCO429530;5_green;platinum;0.97;0.01;0.02;True;False;5;False;06;2019;2019;06;202;Accesorios para Vehículos
MCO513146546;Parrilla De Techo Portaequipaje Carro O Camioneta ;245000;1;150;buy_it_now;gold_special;new;True;;MCO173780;5_green;platinum;0.92;0.04;0.04;True;False;4;False;05;2019;2019;05;1189;Accesorios para Vehículos
MCO584061027;Pomo Pera Palanca De Cambios Chevrolet Sail Con Forro;50000;1;50;buy_it_now;gold_pro;new;True;;MCO376787;5_green;gold;0.97;0.02;0.01;False;False;6;False;09;2020;2020;09;25;Accesorios para Vehículos
MCO569650640;Casco Kontrol M61 Shark;154900;500;25;buy_it_now;gold_special;new;True;;MCO21947;5_green;platinum;0.95;0.04;0.01;True;False;4;True;07;2020;2020;08;15;Accesorios para Vehículos
MCO457700993;Eliminador Manchas Vidrios Oxido De Cerio 50gr;27900;1;250;buy_it_now;gold_special;new;True;;MCO90578;5_green;gold;0.96;0.02;0.02;False;False;5;False;10;2019;2017;12;234;Accesorios para Vehículos
MCO493734207;Soporte Porta Celular Moto Bolso Impermeable Estuche Bici;22000;50;500;buy_it_now;gold_special;new;True;;MCO437375;5_green;platinum;0.97;0.01;0.02;False;False;5;False;08;2020;2018;11;1366;Accesorios para Vehículos
MCO553364730;Extension Para Cinturón De Seguridad De Carro;7000;150;150;buy_it_now;gold_pro;new;True;;MCO173812;5_green;gold;0.94;0.02;0.04;False;False;6;True;02;2020;2020;03;64;Accesorios para Vehículos
MCO500384853;Manija Interna Interior Puerta Logan - Sandero (negra);12500;1;250;buy_it_now;gold_special;new;True;;MCO375040;5_green;gold;0.98;0.01;0.01;False;False;5;False;06;2019;2019;01;122;Accesorios para Vehículos
MCO545484255;Radio Pioneer Dmh-g225bt Pantalla Táctil, Bt,usb;575900;1;25;buy_it_now;gold_special;new;True;835050.0;MCO429530;5_green;platinum;0.99;0.0;0.01;True;False;5;False;03;2020;2020;01;218;Accesorios para Vehículos
MCO564510159;Casco Ls2 Mx 436 Pioneer Solido Multipropósito Certificado;570000;1;5;buy_it_now;gold_pro;new;True;;MCO21947;5_green;platinum;0.95;0.03;0.02;True;False;4;True;05;2020;2020;06;42;Accesorios para Vehículos
MCO532331091;Impermeable Siliconado Icon Para Hombre Y Mujer 3 Piezas;56000;50;500;buy_it_now;gold_pro;new;True;;MCO90075;5_green;gold;0.93;0.03;0.04;False;False;4;False;08;2020;2019;11;1106;Accesorios para Vehículos
MCO565158398;Manija Interna Para Abrir Puerta Renault Logan Y Sandero;19000;1;100;buy_it_now;gold_pro;new;True;;MCO375040;5_green;gold;0.97;0.02;0.01;False;False;5;False;07;2020;2020;06;75;Accesorios para Vehículos
MCO485456257;Camara Reversa Carro Vision Nocturna, 8leds;28900;150;250;buy_it_now;gold_special;new;True;59900.0;MCO173820;5_green;platinum;1.0;0.0;0.0;False;False;7;False;07;2019;2018;09;196;Accesorios para Vehículos
MCO562714899;Marcador Para Llantas Pintura Permanente;10800;1;200;buy_it_now;gold_special;new;True;;MCO403320;5_green;;1.0;0.0;0.0;False;False;6;False;07;2020;2020;07;130;Accesorios para Vehículos
MCO541708646;Radio Android 9  Pantalla 10 Pulgadas Wifi Gps  2 Din Cámara;499900;1;50;buy_it_now;gold_special;new;True;699900.0;MCO3387;5_green;platinum;1.0;0.0;0.0;True;False;5;False;11;2019;2019;11;587;Accesorios para Vehículos
MCO558053210;Ventosa Chupa Saca Golpes Carro Vidrio Celular Metal 5.5 Cms;14000;1;500;buy_it_now;gold_special;new;True;;MCO177964;5_green;platinum;0.96;0.02;0.02;False;False;6;False;04;2020;2020;04;43;Accesorios para Vehículos
MCO567823596;Válvula Vvt Solenoides Admisión Y Escape Captiva 2.4 Hhr 2.4;175000;1;50;buy_it_now;gold_pro;new;True;;MCO430959;5_green;gold;0.99;0.0;0.01;True;False;6;False;08;2019;2020;06;92;Accesorios para Vehículos
MCO507093084;Eslinga Sujetador Reata Carga 1  X 5 Mts 750 Kg Kangaroo;14500;500;250;buy_it_now;gold_special;new;True;;MCO430581;5_green;gold;0.97;0.01;0.02;False;False;4;False;06;2019;2019;04;205;Accesorios para Vehículos
MCO594418216;Radio Carro Pantalla Tactil 7  Bluetooth Camara Mirrorlink;200000;100;25;buy_it_now;gold_pro;new;True;;MCO429530;5_green;platinum;0.99;0.01;0.0;True;False;5;False;11;2020;2020;11;158;Accesorios para Vehículos
MCO484584742;Luces Policia Led Luces Policia Federales Carro Panoramico;45000;1;250;buy_it_now;gold_pro;new;True;;MCO90578;5_green;platinum;0.98;0.01;0.01;False;False;6;False;09;2018;2018;09;213;Accesorios para Vehículos
MCO548910751;Sensor De Presion De Llantas Captiva  2010 A 2017;70000;1;100;buy_it_now;gold_special;new;True;;MCO166144;5_green;gold;0.97;0.02;0.01;True;False;5;False;12;2019;2020;02;85;Accesorios para Vehículos
MCO563515151;Tuercas De Seguridad Codificadas Para Los Rines ;75000;1;100;buy_it_now;gold_pro;new;True;;MCO173810;5_green;platinum;0.92;0.04;0.04;True;False;5;False;05;2020;2020;05;320;Accesorios para Vehículos
MCO557698912;Protector De Calzado,para Moto Evitar Dañar Zapatos Y Tenis.;19900;100;500;buy_it_now;gold_pro;new;True;;MCO437249;5_green;gold;0.92;0.03;0.05;True;False;7;False;03;2020;2020;05;71;Accesorios para Vehículos
MCO451605682;Zapatones Impermeables Moto O Bicicleta Botas En Latex;12900;1;500;buy_it_now;gold_special;new;True;;MCO90075;5_green;platinum;0.99;0.0;0.01;False;False;6;False;08;2019;2017;07;1109;Accesorios para Vehículos
MCO569410059;Casco Shaft 570 Integral Solid Certificado;240000;1;250;buy_it_now;gold_pro;new;True;;MCO21947;5_green;platinum;0.95;0.03;0.02;True;False;4;True;07;2020;2020;07;400;Accesorios para Vehículos
MCO543709903;Tapete Termoformado Brillante Baúl Mazda Cx5 2018 A 2020;179900;1;50;buy_it_now;gold_pro;new;True;;MCO87916;5_green;platinum;0.86;0.09;0.05;True;False;5;True;11;2019;2019;12;176;Accesorios para Vehículos
MCO557071734;Camara Reversa Carro Vision Nocturna 180 Grados Agua + Broca;25900;50;150;buy_it_now;gold_special;new;True;;MCO173820;5_green;platinum;0.95;0.02;0.03;False;False;5;False;03;2020;2020;06;65;Accesorios para Vehículos
MCO562028318;Radio Carro Android 9 Pulgadas Mazda 2  Bluetooth Usb Wifi;649900;1;5;buy_it_now;gold_special;new;True;1099900.0;MCO429530;5_green;platinum;1.0;0.0;0.0;True;False;6;False;05;2020;2020;05;99;Accesorios para Vehículos
MCO485195407;1 Bombillo Led H4 18 W Led 3 Cob Carro O Moto 2600 Lm 6000k ;16920;1;250;buy_it_now;gold_pro;new;True;18000.0;MCO90578;5_green;platinum;0.95;0.02;0.03;False;False;5;False;06;2019;2018;09;371;Accesorios para Vehículos
MCO451807067;Sensor De Presion De Llantas Dodge Journey Y Otros (original;75000;1;250;buy_it_now;gold_special;new;True;;MCO166144;5_green;gold;0.97;0.02;0.01;True;False;5;False;10;2019;2017;07;482;Accesorios para Vehículos
MCO573092597;Máscara Antipolución Moto / Ciclista Incluye 2 Filtro Gratis;5900;100;250;buy_it_now;gold_pro;new;True;19900.0;MCO180743;5_green;platinum;1.0;0.0;0.0;False;False;6;False;07;2020;2020;08;51;Accesorios para Vehículos
MCO451861450;Inversor De Corriente Jarrett 500w 12v-110v Usb Carro;129900;1;250;buy_it_now;gold_special;new;True;;MCO87923;5_green;platinum;0.94;0.03;0.03;True;False;4;False;06;2020;2017;07;444;Accesorios para Vehículos
MCO474431852;Radio Para Carro Jdl Pantalla 4 Bluetooth Mp3 Mp4 Mp5 Usb Sd;146900;1;250;buy_it_now;gold_special;new;True;169900.0;MCO3387;5_green;platinum;0.94;0.03;0.03;True;False;6;False;07;2019;2017;12;976;Accesorios para Vehículos
MCO452723486;Kit Herramientas Reparación De Parabrisas Automóvil Carro;24900;1;250;buy_it_now;gold_special;new;True;;MCO173853;5_green;gold;0.97;0.01;0.02;False;False;6;False;06;2019;2017;07;215;Accesorios para Vehículos
MCO587579952;Logo Para Timon Mazda 3 1ra Gen.;30999;1;50;buy_it_now;gold_pro;new;True;;MCO116350;5_green;silver;0.95;0.02;0.03;False;False;4;False;10;2020;2020;10;57;Accesorios para Vehículos
MCO551359224;Radio Motorizado + Cámara De Reversa Usb Mirror Link Táctil;349900;1;25;buy_it_now;gold_special;new;True;;MCO429530;5_green;platinum;0.97;0.01;0.02;True;False;5;False;02;2020;2020;02;207;Accesorios para Vehículos
MCO493211582;Kit Panel Solar Portátil + 4 Bombillos + Radio Fm Linterna;107900;1;150;buy_it_now;gold_special;new;True;124900.0;MCO87923;5_green;platinum;0.94;0.03;0.03;True;False;4;False;06;2019;2018;12;142;Accesorios para Vehículos
MCO533081022;Funda Protectora En Silicona Para Lluvia Zapatos, Calzado;11999;1;500;buy_it_now;gold_special;new;True;;MCO23018;5_green;platinum;0.97;0.02;0.01;False;False;5;False;05;2020;2019;09;392;Accesorios para Vehículos
MCO569798982;Casco Kontrol Alamo Button;140165;500;5;buy_it_now;gold_special;new;True;164900.0;MCO21947;5_green;platinum;0.95;0.04;0.01;True;False;5;True;07;2020;2020;08;36;Accesorios para Vehículos
